epoch,train_loss,train_acc,val_loss,val_acc
1,2.301359,11.034,2.299385,11.35
2,2.225509,18.462,2.045735,16.52
