epoch,train_loss,train_acc,val_loss,val_acc
1,0.551431,83.144,0.073248,97.91
2,0.073981,97.768,0.053441,98.43
