epoch,train_loss,train_acc,val_loss,val_acc
1,0.395835,91.526,0.150709,95.66
2,0.07996,97.806,0.05782,98.06
