epoch,train_loss,train_acc,val_loss,val_acc
1,0.267046,92.112,0.089282,97.18
2,0.077725,97.584,0.070333,97.93
