epoch,train_loss,train_acc,val_loss,val_acc
1,0.58172,85.238,0.079565,98.05
2,0.068739,98.144,0.054544,98.39
