epoch,train_loss,train_acc,val_loss,val_acc
1,0.21446,93.72,0.143412,95.41
2,0.080946,97.446,0.078304,97.33
