epoch,train_loss,train_acc,val_loss,val_acc
1,0.292724,93.048,0.080972,97.48
2,0.074504,97.754,0.045591,98.61
