epoch,train_loss,train_acc,val_loss,val_acc
1,0.201572,93.968,0.091693,97.31
2,0.09035,97.17,0.082284,97.28
