epoch,train_loss,train_acc,val_loss,val_acc
1,0.524475,84.282,0.37893,87.19
2,0.076308,97.83,0.047694,98.6
