epoch,train_loss,train_acc,val_loss,val_acc
1,0.265222,92.404,0.219032,93.05
2,0.078584,97.564,0.184738,94.3
