epoch,train_loss,train_acc,val_loss,val_acc
1,0.373896,89.086,0.091976,97.34
2,0.066125,97.968,0.034786,98.85
