epoch,train_loss,train_acc,val_loss,val_acc
1,0.402747,90.388,0.109078,96.91
2,0.077142,97.914,0.041911,98.87
