epoch,train_loss,train_acc,val_loss,val_acc
1,0.582524,84.912,0.068443,98.43
2,0.067768,98.186,0.043326,98.9
