epoch,train_loss,train_acc,val_loss,val_acc
1,0.236424,93.94,0.068124,98.02
2,0.073154,97.744,0.041743,98.71
