epoch,train_loss,train_acc,val_loss,val_acc
1,0.286341,91.468,0.064126,98.15
2,0.064614,98.052,0.032809,99.03
