epoch,train_loss,train_acc,val_loss,val_acc
1,0.38708,90.026,0.059851,98.12
2,0.063577,98.086,0.032512,99.02
