epoch,train_loss,train_acc,val_loss,val_acc
1,0.460508,88.104,0.078503,97.86
2,0.059763,98.336,0.036745,98.85
