epoch,train_loss,train_acc,val_loss,val_acc
1,0.386672,91.234,0.068981,98.12
2,0.068362,98.03,0.046674,98.72
