epoch,train_loss,train_acc,val_loss,val_acc
1,0.362945,91.906,0.091829,97.54
2,0.071011,98.024,0.101842,96.62
