epoch,train_loss,train_acc,val_loss,val_acc
1,0.398871,91.004,0.219188,93.33
2,0.073346,97.978,0.075655,97.6
